"brand";"create_time";"created_by"
"3M";"2023-02-05 15:00:00";"Ardi Dabo"
"ALGINPLUS";"2023-02-05 15:00:00";"Ardi Dabo"
"AMB";"2023-02-05 15:00:00";"Ardi Dabo"
"BACTIGRAS";"2023-02-05 15:00:00";"Ardi Dabo"
"BAXTEL";"2023-02-05 15:00:00";"Ardi Dabo"
"BAXTEL DELUXE";"2023-02-05 15:00:00";"Ardi Dabo"
"CAREPLUS";"2023-02-05 15:00:00";"Ardi Dabo"
"CGF";"2023-02-05 15:00:00";"Ardi Dabo"
"CONTEC";"2023-02-05 15:00:00";"Ardi Dabo"
"COSMED";"2023-02-05 15:00:00";"Ardi Dabo"
"DR. CARE";"2023-02-05 15:00:00";"Ardi Dabo"
"FLOXYCARE";"2023-02-05 15:00:00";"Ardi Dabo"
"Floxycare";"2023-02-05 15:00:00";"Ardi Dabo"
"FRESH";"2023-02-05 15:00:00";"Ardi Dabo"
"Fresh";"2023-02-05 15:00:00";"Ardi Dabo"
"GLO PRO";"2023-02-05 15:00:00";"Ardi Dabo"
"GLOMED";"2023-02-05 15:00:00";"Ardi Dabo"
"GREAT GLOVE";"2023-02-05 15:00:00";"Ardi Dabo"
"HCD";"2023-02-05 15:00:00";"Ardi Dabo"
"INDOPLAS";"2023-02-05 15:00:00";"Ardi Dabo"
"MEDICINE TRAY";"2023-02-05 15:00:00";"Ardi Dabo"
"MEDPRO";"2023-02-05 15:00:00";"Ardi Dabo"
"MTI FRANCE";"2023-02-05 15:00:00";"Ardi Dabo"
"NITRILE CARE";"2023-02-05 15:00:00";"Ardi Dabo"
"NITRILECARE";"2023-02-05 15:00:00";"Ardi Dabo"
"OPSITEPOST-OP";"2023-02-05 15:00:00";"Ardi Dabo"
"OREX";"2023-02-05 15:00:00";"Ardi Dabo"
"ORMED";"2023-02-05 15:00:00";"Ardi Dabo"
"PANAMED";"2023-02-05 15:00:00";"Ardi Dabo"
"PARA-TULLE";"2023-02-05 15:00:00";"Ardi Dabo"
"Partners";"2023-02-05 15:00:00";"Ardi Dabo"
"ROSSMAX";"2023-02-05 15:00:00";"Ardi Dabo"
"RUBBERCARE";"2023-02-05 15:00:00";"Ardi Dabo"
"SAILBRAND";"2023-02-05 15:00:00";"Ardi Dabo"
"SCHULLERMED";"2023-02-05 15:00:00";"Ardi Dabo"
"SIMPLEX";"2023-02-05 15:00:00";"Ardi Dabo"
"SURE SHOT";"2023-02-05 15:00:00";"Ardi Dabo"
"SURE-GUARD";"2023-02-05 15:00:00";"Ardi Dabo"
"SURESHOT";"2023-02-05 15:00:00";"Ardi Dabo"
"SURGITECH";"2023-02-05 15:00:00";"Ardi Dabo"
"TERUMO";"2023-02-05 15:00:00";"Ardi Dabo"
"TOOTH DOCTOR";"2023-02-05 15:00:00";"Ardi Dabo"
"TOP";"2023-02-05 15:00:00";"Ardi Dabo"
"TOP MASK";"2023-02-05 15:00:00";"Ardi Dabo"
"TOPCARE";"2023-02-05 15:00:00";"Ardi Dabo"
"TRANSGEL";"2023-02-05 15:00:00";"Ardi Dabo"
"TRUSTMOMED";"2023-02-05 15:00:00";"Ardi Dabo"
"WORLD WORK";"2023-02-05 15:00:00";"Ardi Dabo"
